{
  "name": "cheats_mod",
  "version": "1.1.0",
  "styleFileList": [],
  "scriptFileList": [],
  "tweeFileList": [],
  "imgFileList": [
  ],
  "additionFile": [
    "readme.md"
  ],
  "addonPlugin": [
    {
      "modName": "TweeReplacer",
      "addonName": "TweeReplacerAddon",
      "modVersion": "1.2.0",
      "params": []
    },
    {
      "modName": "ReplacePatcher",
      "addonName": "ReplacePatcherAddon",
      "modVersion": "1.0.0",
      "params": {
        "twee": [
          {
            "TODO": "caption.twee",
            "passageName": "StoryCaption",
            "from": "<<if $dancing is 0 and $combat is 0 and $passage isnot \"Start2\" and $cheatdisable is \"f\" or $debug is 1>>",
            "to": "<<if $dancing is 0 and $combat is 0 and $passage isnot \"Start2\" or $debug is 1>>"
          }
        ]
      }
    }
  ],
  "dependenceInfo": [
    {
      "modName": "TweeReplacer",
      "version": "^1.2.0"
    },
    {
      "modName": "ReplacePatcher",
      "version": "^1.0.0"
    }
  ]
}